,losers,winners,difference
mean_disp,158.60645214107552,157.8486714966878,-0.757780644387708
slope,8.282711067284856,7.192255974604921,-1.0904550926799352
last_first_ratio,1.5074936342688436,1.4588989044314584,-0.04859472983738522
peak_timing,0.6644201125833756,0.6423967627923872,-0.02202334979098841
final_disp,191.1465321177687,180.504354449359,-10.642177668409687
